## AGENDAMENTO

INSERT INTO agendamento (idagendamento, usuario_idusuario, data, hora, status) VALUES
(1, 5, '2024-10-01', '14:00:00', 'Confirmado'),
(2, 8, '2024-10-02', '09:30:00', 'Pendente'),
(3, 12, '2024-10-03', '11:00:00', 'Cancelado'),
(4, 3, '2024-10-04', '16:00:00', 'Confirmado'),
(5, 9, '2024-10-05', '10:15:00', 'Confirmado'),
(6, 6, '2024-10-06', '13:45:00', 'Pendente'),
(7, 11, '2024-10-07', '15:00:00', 'Confirmado'),
(8, 2, '2024-10-08', '08:30:00', 'Cancelado'),
(9, 14, '2024-10-09', '12:00:00', 'Pendente'),
(10, 2, '2024-09-16', '18:59:12', 'Coletado'),
(11, 7, '2024-10-10', '17:00:00', 'Confirmado');

## CATEGORIA

INSERT INTO categoria (idcategoria, categoria) VALUES
(1, 'Papel'),
(2, 'Plástico'),
(3, 'Metal'),
(4, 'Vidro'),
(5, 'Tetra Pak'),
(6, 'Bateria');

## CIDADE

INSERT INTO cidade (idcidade, nome, estado_idestado) VALUES
(1, 'Adamantina', 'SP'),
(2, 'Adolfo', 'SP'),
(3, 'Agudos', 'SP'),
(4, 'Alambari', 'SP'),
(5, 'Alfredo Marcondes', 'SP'),
(6, 'Altair', 'SP'),
(7, 'Altinópolis', 'SP'),
(8, 'Alumínio', 'SP'),
(9, 'Águas da Prata', 'SP'),
(10, 'Águas de Lindóia', 'SP'),
(11, 'Águas Virtuosas', 'SP'),
(12, 'Alegre', 'SP'),
(13, 'Aparecida', 'SP'),
(14, 'Araçariguama', 'SP'),
(15, 'Araçatuba', 'SP'),
(16, 'Araras', 'SP'),
(17, 'Arco-Íris', 'SP'),
(18, 'Areias', 'SP'),
(19, 'Arealva', 'SP'),
(20, 'Arujá', 'SP'),
(21, 'Aspásia', 'SP'),
(22, 'Atibaia', 'SP'),
(23, 'Auriflama', 'SP'),
(24, 'Bady Bassitt', 'SP'),
(25, 'Baldan', 'SP'),
(26, 'Bálsamo', 'SP'),
(27, 'Bananal', 'SP'),
(28, 'Barão de Antonina', 'SP'),
(29, 'Barbosa', 'SP'),
(30, 'Bariri', 'SP'),
(31, 'Barra Bonita', 'SP'),
(32, 'Barra do Chapéu', 'SP'),
(33, 'Barra do Turvo', 'SP'),
(34, 'Bastos', 'SP'),
(35, 'Bauru', 'SP'),
(36, 'Bebedouro', 'SP'),
(37, 'Bento de Abreu', 'SP'),
(38, 'Bernardino de Campos', 'SP'),
(39, 'Bertioga', 'SP'),
(40, 'Bilac', 'SP'),
(41, 'Birigui', 'SP'),
(42, 'Biritiba-Mirim', 'SP'),
(43, 'Boa Esperança do Sul', 'SP'),
(44, 'Bocaina', 'SP'),
(45, 'Bofete', 'SP'),
(46, 'Bonsucesso de Itararé', 'SP'),
(47, 'Borá', 'SP'),
(48, 'Boracéia', 'SP'),
(49, 'Borborema', 'SP'),
(50, 'Borebi', 'SP'),
(51, 'Botucatu', 'SP'),
(52, 'Bragança Paulista', 'SP'),
(53, 'Braúna', 'SP'),
(54, 'Brotas', 'SP'),
(55, 'Buritama', 'SP'),
(56, 'Buritizal', 'SP'),
(57, 'Cabrália Paulista', 'SP'),
(58, 'Cabreúva', 'SP'),
(59, 'Caconde', 'SP'),
(60, 'Cafelândia', 'SP'),
(61, 'Caiabu', 'SP'),
(62, 'Caieiras', 'SP'),
(63, 'Caiuá', 'SP'),
(64, 'Cajamar', 'SP'),
(65, 'Cajati', 'SP'),
(66, 'Cajuru', 'SP'),
(67, 'Campinas', 'SP'),
(68, 'Campo Limpo Paulista', 'SP'),
(69, 'Campo Novo do Sul', 'SP'),
(70, 'Cananéia', 'SP'),
(71, 'Canas', 'SP'),
(72, 'Cândido Mota', 'SP'),
(73, 'Cândido Rodrigues', 'SP'),
(74, 'Capão Bonito', 'SP'),
(75, 'Capela do Alto', 'SP'),
(76, 'Capivari', 'SP'),
(77, 'Caraguatatuba', 'SP'),
(78, 'Carapicuíba', 'SP'),
(79, 'Cardoso', 'SP'),
(80, 'Casa Branca', 'SP'),
(81, 'Cássia dos Coqueiros', 'SP'),
(82, 'Castilho', 'SP'),
(83, 'Catanduva', 'SP'),
(84, 'Catiguá', 'SP'),
(85, 'Cedral', 'SP'),
(86, 'Cerqueira César', 'SP'),
(87, 'Cerquilho', 'SP'),
(88, 'Charqueada', 'SP'),
(89, 'Chavantes', 'SP'),
(90, 'Clementina', 'SP'),
(91, 'Colina', 'SP'),
(92, 'Colômbia', 'SP'),
(93, 'Conchal', 'SP'),
(94, 'Conchas', 'SP'),
(95, 'Cordeirópolis', 'SP'),
(96, 'Corinthians', 'SP'),
(97, 'Coronel Macedo', 'SP'),
(98, 'Corumbataí', 'SP'),
(99, 'Cosmópolis', 'SP'),
(100, 'Cotia', 'SP'),
(101, 'Cravinhos', 'SP'),
(102, 'Cravinhos', 'SP'),
(103, 'Cruzália', 'SP'),
(104, 'Descalvado', 'SP'),
(105, 'Diadema', 'SP'),
(106, 'Dirce Reis', 'SP'),
(107, 'Divinolândia', 'SP'),
(108, 'Dobrada', 'SP'),
(109, 'Dolcinópolis', 'SP'),
(110, 'Dourado', 'SP'),
(111, 'Dracena', 'SP'),
(112, 'Duartina', 'SP'),
(113, 'Dumont', 'SP'),
(114, 'Echaporã', 'SP'),
(115, 'Eldorado', 'SP'),
(116, 'Elias Fausto', 'SP'),
(117, 'Elisiário', 'SP'),
(118, 'Embaú', 'SP'),
(119, 'Embu das Artes', 'SP'),
(120, 'Embu-Guaçu', 'SP'),
(121, 'Embu', 'SP'),
(122, 'Embu', 'SP'),
(123, 'Embu', 'SP'),
(124, 'Engenheiro Coelho', 'SP'),
(125, 'Espírito Santo do Pinhal', 'SP'),
(126, 'Estiva Gerbi', 'SP'),
(127, 'Fernandópolis', 'SP'),
(128, 'Fernão', 'SP'),
(129, 'Feliz Natal', 'SP'),
(130, 'Flora Rica', 'SP'),
(131, 'Floreal', 'SP'),
(132, 'Florínea', 'SP'),
(133, 'Franca', 'SP'),
(134, 'Francisco Morato', 'SP'),
(135, 'Franco da Rocha', 'SP'),
(136, 'Gabriel Monteiro', 'SP'),
(137, 'Gália', 'SP'),
(138, 'Garça', 'SP'),
(139, 'Gavion', 'SP'),
(140, 'General Salgado', 'SP'),
(141, 'Getulina', 'SP'),
(142, 'Glicério', 'SP'),
(143, 'Guaiçara', 'SP'),
(144, 'Guaraci', 'SP'),
(145, 'Guaranésia', 'SP'),
(146, 'Guarapiranga', 'SP'),
(147, 'Guaratinguetá', 'SP'),
(148, 'Guarulhos', 'SP'),
(149, 'Iacanga', 'SP'),
(150, 'Ibiúna', 'SP'),
(151, 'Ibitinga', 'SP'),
(152, 'Igarapava', 'SP'),
(153, 'Igaratá', 'SP'),
(154, 'Iguape', 'SP'),
(155, 'Ilha Comprida', 'SP'),
(156, 'Ilhabela', 'SP'),
(157, 'Indaiatuba', 'SP'),
(158, 'Inhaúma', 'SP'),
(159, 'Ipauçu', 'SP'),
(160, 'Iperó', 'SP'),
(161, 'Ipeúna', 'SP'),
(162, 'Ipiguá', 'SP'),
(163, 'Iporanga', 'SP'),
(164, 'Iracemápolis', 'SP'),
(165, 'Irapuru', 'SP'),
(166, 'Itaí', 'SP'),
(167, 'Itajubá', 'SP'),
(168, 'Itanhaém', 'SP'),
(169, 'Itapevi', 'SP'),
(170, 'Itapecerica da Serra', 'SP'),
(171, 'Itapetininga', 'SP'),
(172, 'Itapeva', 'SP'),
(173, 'Itapira', 'SP'),
(174, 'Itapirapuã Paulista', 'SP'),
(175, 'Itápolis', 'SP'),
(176, 'Itararé', 'SP'),
(177, 'Itatiba', 'SP'),
(178, 'Itaquaquecetuba', 'SP'),
(179, 'Itirapuã', 'SP'),
(180, 'Itobi', 'SP'),
(181, 'Itu', 'SP'),
(182, 'Itupeva', 'SP'),
(183, 'Jaborandi', 'SP'),
(184, 'Jaboticabal', 'SP'),
(185, 'Jacareí', 'SP'),
(186, 'Jaguariúna', 'SP'),
(187, 'Jales', 'SP'),
(188, 'Jambeiro', 'SP'),
(189, 'Jarinu', 'SP'),
(190, 'Jaú', 'SP'),
(191, 'Juliânia', 'SP'),
(192, 'Jundiaí', 'SP'),
(193, 'Junqueirópolis', 'SP'),
(194, 'Juquiá', 'SP'),
(195, 'Juquitiba', 'SP'),
(196, 'Lagoinha', 'SP'),
(197, 'Limeira', 'SP'),
(198, 'Lins', 'SP'),
(199, 'Lorena', 'SP'),
(200, 'Louvan', 'SP'),
(201, 'Louveira', 'SP'),
(202, 'Lucélia', 'SP'),
(203, 'Luís Antônio', 'SP'),
(204, 'Luiziânia', 'SP'),
(205, 'Macaubal', 'SP'),
(206, 'Mairiporã', 'SP'),
(207, 'Manduri', 'SP'),
(208, 'Marabá Paulista', 'SP'),
(209, 'Marília', 'SP'),
(210, 'Marinópolis', 'SP'),
(211, 'Mariporã', 'SP'),
(212, 'Mauá', 'SP'),
(213, 'Miracatu', 'SP'),
(214, 'Mirandópolis', 'SP'),
(215, 'Mogi das Cruzes', 'SP'),
(216, 'Mombuca', 'SP'),
(217, 'Monções', 'SP'),
(218, 'Monte Alegre do Sul', 'SP'),
(219, 'Monte Aprazível', 'SP'),
(220, 'Monte Mor', 'SP'),
(221, 'Morro Agudo', 'SP'),
(222, 'Murutinga do Sul', 'SP'),
(223, 'Nantes', 'SP'),
(224, 'Nazaré Paulista', 'SP'),
(225, 'Neves Paulista', 'SP'),
(226, 'Nhandeara', 'SP'),
(227, 'Nipoã', 'SP'),
(228, 'Nova Campina', 'SP'),
(229, 'Nova Canaã Paulista', 'SP'),
(230, 'Nova Odessa', 'SP'),
(231, 'Novais', 'SP'),
(232, 'Osasco', 'SP'),
(233, 'Ourinhos', 'SP'),
(234, 'Pacaembu', 'SP'),
(235, 'Padre Nóbrega', 'SP'),
(236, 'Palmital', 'SP'),
(237, 'Panorama', 'SP'),
(238, 'Paraguaçu Paulista', 'SP'),
(239, 'Paraibuna', 'SP'),
(240, 'Paranapanema', 'SP'),
(241, 'Paranavaí', 'SP'),
(242, 'Parapuã', 'SP'),
(243, 'Pardinho', 'SP'),
(244, 'Pariquera-Açu', 'SP'),
(245, 'Parisi', 'SP'),
(246, 'Patrocínio Paulista', 'SP'),
(247, 'Paulínia', 'SP'),
(248, 'Paulistânia', 'SP'),
(249, 'Pederneiras', 'SP'),
(250, 'Pedra Bela', 'SP'),
(251, 'Pedreira', 'SP'),
(252, 'Penápolis', 'SP'),
(253, 'Peruíbe', 'SP'),
(254, 'Piedade', 'SP'),
(255, 'Pindamonhangaba', 'SP'),
(256, 'Pindorama', 'SP'),
(257, 'Pinhalzinho', 'SP'),
(258, 'Piquete', 'SP'),
(259, 'Piracaia', 'SP'),
(260, 'Piracicaba', 'SP'),
(261, 'Piraju', 'SP'),
(262, 'Pirajuçara', 'SP'),
(263, 'Pitangueiras', 'SP'),
(264, 'Planalto', 'SP'),
(265, 'Planalto', 'SP'),
(266, 'Pocinhos do Sul', 'SP'),
(267, 'Pontal', 'SP'),
(268, 'Pontalinda', 'SP'),
(269, 'Porecatu', 'SP'),
(270, 'Porto Feliz', 'SP'),
(271, 'Porto Ferreira', 'SP'),
(272, 'Potim', 'SP'),
(273, 'Pracinha', 'SP'),
(274, 'Pradópolis', 'SP'),
(275, 'Prato', 'SP'),
(276, 'Presidente Alves', 'SP'),
(277, 'Presidente Bernardes', 'SP'),
(278, 'Presidente Epitácio', 'SP'),
(279, 'Presidente Prudente', 'SP'),
(280, 'Promissão', 'SP'),
(281, 'Quadra', 'SP'),
(282, 'Queimada', 'SP'),
(283, 'Queiroz', 'SP'),
(284, 'Rafard', 'SP'),
(285, 'Rancharia', 'SP'),
(286, 'Regente Feijó', 'SP'),
(287, 'Reginópolis', 'SP'),
(288, 'Ribeirão Bonito', 'SP'),
(289, 'Ribeirão Branco', 'SP'),
(290, 'Ribeirão Preto', 'SP'),
(291, 'Rocinha', 'SP'),
(292, 'Rochedo', 'SP'),
(293, 'Rosana', 'SP'),
(294, 'Roseira', 'SP'),
(295, 'Rubião Júnior', 'SP'),
(296, 'Sabino', 'SP'),
(297, 'Salgado de São Félix', 'SP'),
(298, 'Salto', 'SP'),
(299, 'Salto Grande', 'SP'),
(300, 'Santa Adélia', 'SP'),
(301, 'Santa Albertina', 'SP'),
(302, 'Santa Branca', 'SP'),
(303, 'Santa Clara do Sul', 'SP'),
(304, 'Santa Cruz das Palmeiras', 'SP'),
(305, 'Santa Cruz do Rio Pardo', 'SP'),
(306, 'Santa Ernestina', 'SP'),
(307, 'Santa Fé do Sul', 'SP'),
(308, 'Santa Gertrudes', 'SP'),
(309, 'Santa Isabel', 'SP'),
(310, 'Santa Rita do Passa Quatro', 'SP'),
(311, 'Santa Rosa de Viterbo', 'SP'),
(312, 'Santa Salete', 'SP'),
(313, 'Santo André', 'SP'),
(314, 'Santo Antônio da Alegria', 'SP'),
(315, 'Santo Antônio de Posse', 'SP'),
(316, 'Santo Antônio do Jardim', 'SP'),
(317, 'Santo Inácio', 'SP'),
(318, 'São Bento do Sapucaí', 'SP'),
(319, 'São Caetano do Sul', 'SP'),
(320, 'São Carlos', 'SP'),
(321, 'São Francisco', 'SP'),
(322, 'São João da Boa Vista', 'SP'),
(323, 'São João de Iracema', 'SP'),
(324, 'São José do Barreiro', 'SP'),
(325, 'São José dos Campos', 'SP'),
(326, 'São Lourenço da Serra', 'SP'),
(327, 'São Paulo', 'SP'),
(328, 'São Pedro', 'SP'),
(329, 'São Roque', 'SP'),
(330, 'São Sebastião', 'SP'),
(331, 'São Simão', 'SP'),
(332, 'São Vicente', 'SP'),
(333, 'Sarapuí', 'SP'),
(334, 'Sérgio', 'SP'),
(335, 'Sertãozinho', 'SP'),
(336, 'Sete Barras', 'SP'),
(337, 'Silveiras', 'SP'),
(338, 'Socorro', 'SP'),
(339, 'Sorocaba', 'SP'),
(340, 'Sud Mennucci', 'SP'),
(341, 'Sumaré', 'SP'),
(342, 'Suzano', 'SP'),
(343, 'Tabapuã', 'SP'),
(344, 'Tabatinga', 'SP'),
(345, 'Taiaçu', 'SP'),
(346, 'Tambaú', 'SP'),
(347, 'Tanabi', 'SP'),
(348, 'Tapiratiba', 'SP'),
(349, 'Tatuí', 'SP'),
(350, 'Tejupá', 'SP'),
(351, 'Teodoro Sampaio', 'SP'),
(352, 'Terra Roxa', 'SP'),
(353, 'Tietê', 'SP'),
(354, 'Torre de Pedra', 'SP'),
(355, 'Torrinha', 'SP'),
(356, 'Três Fronteiras', 'SP'),
(357, 'Tuiuti', 'SP'),
(358, 'Ubarana', 'SP'),
(359, 'Ubatuba', 'SP'),
(360, 'Ubirajara', 'SP'),
(361, 'Uchoa', 'SP'),
(362, 'Uniflor', 'SP'),
(363, 'Urânia', 'SP'),
(364, 'Urupês', 'SP'),
(365, 'Valentim Gentil', 'SP'),
(366, 'Valinhos', 'SP'),
(367, 'Vargem Grande do Sul', 'SP'),
(368, 'Vargem Grande Paulista', 'SP'),
(369, 'Várzea Paulista', 'SP'),
(370, 'Vera Cruz', 'SP'),
(371, 'Vinhedo', 'SP'),
(372, 'Viradouro', 'SP'),
(373, 'Vista Alegre do Alto', 'SP'),
(374, 'Votorantim', 'SP'),
(375, 'Votuporanga', 'SP');

INSERT INTO cidade (idcidade, nome, estado_idestado) VALUES
(376, 'Abadia dos Dourados', 'MG'),
(377, 'Abaeté', 'MG'),
(378, 'Abre Campo', 'MG'),
(379, 'Acaiaca', 'MG'),
(380, 'Açucena', 'MG'),
(381, 'Água Boa', 'MG'),
(382, 'Água Comprida', 'MG'),
(383, 'Aguanil', 'MG'),
(384, 'Alagoa', 'MG'),
(385, 'Albanésia', 'MG'),
(386, 'Albertina', 'MG'),
(387, 'Aldebaran', 'MG'),
(388, 'Alem Paraíba', 'MG'),
(389, 'Alfenas', 'MG'),
(390, 'Alfredo Vasconcelos', 'MG'),
(391, 'Almenara', 'MG'),
(392, 'Alpercata', 'MG'),
(393, 'Alterosa', 'MG'),
(394, 'Alto Caparaó', 'MG'),
(395, 'Alto Jequitibá', 'MG'),
(396, 'Alto Rio Doce', 'MG'),
(397, 'Alvorada de Minas', 'MG'),
(398, 'Andradas', 'MG'),
(399, 'Andrelândia', 'MG'),
(400, 'Angelândia', 'MG'),
(401, 'Antônio Carlos', 'MG'),
(402, 'Antônio Dias', 'MG'),
(403, 'Antônio Prado de Minas', 'MG'),
(404, 'Araxá', 'MG'),
(405, 'Arceburgo', 'MG'),
(406, 'Areado', 'MG'),
(407, 'Argirita', 'MG'),
(408, 'Aricanduva', 'MG'),
(409, 'Astolfo Dutra', 'MG'),
(410, 'Ataléia', 'MG'),
(411, 'Augusto de Lima', 'MG'),
(412, 'Baependi', 'MG'),
(413, 'Baldim', 'MG'),
(414, 'Bandeira do Sul', 'MG'),
(415, 'Bandeira', 'MG'),
(416, 'Barbacena', 'MG'),
(417, 'Barra Longa', 'MG'),
(418, 'Barroso', 'MG'),
(419, 'Bela Vista de Minas', 'MG'),
(420, 'Belo Horizonte', 'MG'),
(421, 'Belo Oriente', 'MG'),
(422, 'Belo Vale', 'MG'),
(423, 'Berilo', 'MG'),
(424, 'Berizal', 'MG'),
(425, 'Bocaina de Minas', 'MG'),
(426, 'Bocaiúva', 'MG'),
(427, 'Bom Despacho', 'MG'),
(428, 'Bom Jardim de Minas', 'MG'),
(429, 'Bom Jesus da Penha', 'MG'),
(430, 'Bom Repouso', 'MG'),
(431, 'Bom Sucesso', 'MG'),
(432, 'Bonfim', 'MG'),
(433, 'Bonito de Minas', 'MG'),
(434, 'Borda da Mata', 'MG'),
(435, 'Botelhos', 'MG'),
(436, 'Botumirim', 'MG'),
(437, 'Brás Pires', 'MG'),
(438, 'Brasilândia de Minas', 'MG'),
(439, 'Brasília de Minas', 'MG'),
(440, 'Brumadinho', 'MG'),
(441, 'Bruno', 'MG'),
(442, 'Cabo Verde', 'MG'),
(443, 'Cachoeira de Minas', 'MG'),
(444, 'Cachoeira do Campo', 'MG'),
(445, 'Caiapônia', 'MG'),
(446, 'Caldas', 'MG'),
(447, 'Camanducaia', 'MG'),
(448, 'Campanário', 'MG'),
(449, 'Campanha', 'MG'),
(450, 'Campestre', 'MG'),
(451, 'Campina Verde', 'MG'),
(452, 'Campo Belo', 'MG'),
(453, 'Campo do Meio', 'MG'),
(454, 'Campo Florido', 'MG'),
(455, 'Canápolis', 'MG'),
(456, 'Candeias', 'MG'),
(457, 'Cantagalo', 'MG'),
(458, 'Capelinha', 'MG'),
(459, 'Capim Branco', 'MG'),
(460, 'Capinópolis', 'MG'),
(461, 'Capitão Andrade', 'MG'),
(462, 'Capitão Enéas', 'MG'),
(463, 'Capitólio', 'MG'),
(464, 'Cássia', 'MG'),
(465, 'Cataguases', 'MG'),
(466, 'Catuji', 'MG'),
(467, 'Caxambu', 'MG'),
(468, 'Cedro do Abaeté', 'MG'),
(469, 'Chalé', 'MG'),
(470, 'Chapada do Norte', 'MG'),
(471, 'Chapada Gaúcha', 'MG'),
(472, 'Chico Reyes', 'MG'),
(473, 'Cipotânea', 'MG'),
(474, 'Cláudio', 'MG'),
(475, 'Coimbra', 'MG'),
(476, 'Conceição da Barra de Minas', 'MG'),
(477, 'Conceição do Formoso', 'MG'),
(478, 'Conceição do Rio Verde', 'MG'),
(479, 'Conceição dos Ouros', 'MG'),
(480, 'Confins', 'MG'),
(481, 'Conquista', 'MG'),
(482, 'Coração de Jesus', 'MG'),
(483, 'Cordisburgo', 'MG'),
(484, 'Corinto', 'MG'),
(485, 'Coroaci', 'MG'),
(486, 'Coronel Fabriciano', 'MG'),
(487, 'Coronel Murta', 'MG'),
(488, 'Coronel Pacheco', 'MG'),
(489, 'Couto de Magalhães de Minas', 'MG'),
(490, 'Cristais', 'MG'),
(491, 'Cristiano Otoni', 'MG'),
(492, 'Crisólita', 'MG'),
(493, 'Curvelo', 'MG'),
(494, 'Datas', 'MG'),
(495, 'Delfim Moreira', 'MG'),
(496, 'Delfinópolis', 'MG'),
(497, 'Delta', 'MG'),
(498, 'Descanso', 'MG'),
(499, 'Descoberto', 'MG'),
(500, 'Dores do Indaiá', 'MG'),
(501, 'Dores do Turvo', 'MG'),
(502, 'Doresópolis', 'MG'),
(503, 'Douradoquara', 'MG'),
(504, 'Doutor Camargo', 'MG'),
(505, 'Doutor Rubens', 'MG'),
(506, 'Elói Mendes', 'MG'),
(507, 'Engenheiro Caldas', 'MG'),
(508, 'Engenheiro Navarro', 'MG'),
(509, 'Estrela Dalva', 'MG'),
(510, 'Estrela do Indaiá', 'MG'),
(511, 'Estrela do Sul', 'MG'),
(512, 'Eugenópolis', 'MG'),
(513, 'Fama', 'MG'),
(514, 'Felisburgo', 'MG'),
(515, 'Fervedouro', 'MG'),
(516, 'Flecheiras', 'MG'),
(517, 'Flores da Cunha', 'MG'),
(518, 'Formiga', 'MG'),
(519, 'Formoso', 'MG'),
(520, 'Fortaleza de Minas', 'MG'),
(521, 'Fortuna de Minas', 'MG'),
(522, 'Francisco Badaró', 'MG'),
(523, 'Francisco Dumont', 'MG'),
(524, 'Francisco Sá', 'MG'),
(525, 'Franco da Rocha', 'MG'),
(526, 'Galiléia', 'MG'),
(527, 'Geraldo Mendes', 'MG'),
(528, 'Gerais', 'MG'),
(529, 'Goiabeira', 'MG'),
(530, 'Gonzaga', 'MG'),
(531, 'Gouveia', 'MG'),
(532, 'Governador Valadares', 'MG'),
(533, 'Grão Mogol', 'MG'),
(534, 'Guidoval', 'MG'),
(535, 'Guimarânia', 'MG'),
(536, 'Guiricema', 'MG'),
(537, 'Gurinhatã', 'MG'),
(538, 'Heliodora', 'MG'),
(539, 'Ibiporã', 'MG'),
(540, 'Ibirité', 'MG'),
(541, 'Igarapé', 'MG'),
(542, 'Iguatama', 'MG'),
(543, 'Ilicínea', 'MG'),
(544, 'Imbé de Minas', 'MG'),
(545, 'Inconfidentes', 'MG'),
(546, 'Ingaí', 'MG'),
(547, 'Inhapim', 'MG'),
(548, 'Inhumas', 'MG'),
(549, 'Ipatinga', 'MG'),
(550, 'Ipatinguinha', 'MG'),
(551, 'Ipiaçu', 'MG'),
(552, 'Ipuã', 'MG'),
(553, 'Itabira', 'MG'),
(554, 'Itaguara', 'MG'),
(555, 'Itajubá', 'MG'),
(556, 'Itamonte', 'MG'),
(557, 'Itanhandu', 'MG'),
(558, 'Itanhomi', 'MG'),
(559, 'Itapecerica', 'MG'),
(560, 'Itapipoca', 'MG'),
(561, 'Ituiutaba', 'MG'),
(562, 'Itumirim', 'MG'),
(563, 'Iturama', 'MG'),
(564, 'Jaboticatubas', 'MG'),
(565, 'Jacutinga', 'MG'),
(566, 'Jaguaraçu', 'MG'),
(567, 'Jaíba', 'MG'),
(568, 'Janaúba', 'MG'),
(569, 'Januária', 'MG'),
(570, 'Jardimópolis', 'MG'),
(571, 'Jatobá do Sul', 'MG'),
(572, 'Jeceaba', 'MG'),
(573, 'Jequeri', 'MG'),
(574, 'Jequitinhonha', 'MG'),
(575, 'Joaíma', 'MG'),
(576, 'Joanésia', 'MG'),
(577, 'João Monlevade', 'MG'),
(578, 'João Pinheiro', 'MG'),
(579, 'João Ribeiro', 'MG'),
(580, 'José Gonçalves de Minas', 'MG'),
(581, 'José Raydan', 'MG'),
(582, 'Juiz de Fora', 'MG'),
(583, 'Juiz de Fora', 'MG'),
(584, 'Ladainha', 'MG'),
(585, 'Lagoa da Prata', 'MG'),
(586, 'Lagoa Dourada', 'MG'),
(587, 'Lagoa do Morro', 'MG'),
(588, 'Lambari', 'MG'),
(589, 'Lapa do Alto', 'MG'),
(590, 'Lavras', 'MG'),
(591, 'Leopoldina', 'MG'),
(592, 'Limeira do Oeste', 'MG'),
(593, 'Lontra', 'MG'),
(594, 'Luisburgo', 'MG'),
(595, 'Luz', 'MG'),
(596, 'Machado', 'MG'),
(597, 'Madre de Deus de Minas', 'MG'),
(598, 'Malacacheta', 'MG'),
(599, 'Mambaí', 'MG'),
(600, 'Manga', 'MG'),
(601, 'Manhuaçu', 'MG'),
(602, 'Manhumirim', 'MG'),
(603, 'Mantena', 'MG'),
(604, 'Maravilhas', 'MG'),
(605, 'Maria da Fé', 'MG'),
(606, 'Mariana', 'MG'),
(607, 'Maripá de Minas', 'MG'),
(608, 'Mário Campos', 'MG'),
(609, 'Martinho Campos', 'MG'),
(610, 'Mateus Leme', 'MG'),
(611, 'Matias Barbosa', 'MG'),
(612, 'Matipó', 'MG'),
(613, 'Mato Verde', 'MG'),
(614, 'Matozinhos', 'MG'),
(615, 'Medeiros', 'MG'),
(616, 'Melgar', 'MG'),
(617, 'Mentirinha', 'MG'),
(618, 'Miraí', 'MG'),
(619, 'Miradouro', 'MG'),
(620, 'Miraí', 'MG'),
(621, 'Mococa', 'MG'),
(622, 'Moeda', 'MG'),
(623, 'Moema', 'MG'),
(624, 'Montes Claros', 'MG'),
(625, 'Monte Santo', 'MG'),
(626, 'Monte Sião', 'MG'),
(627, 'Morada Nova de Minas', 'MG'),
(628, 'Morro do Pilar', 'MG'),
(629, 'Muriaé', 'MG'),
(630, 'Mutum', 'MG'),
(631, 'Nazareno', 'MG'),
(632, 'Nepomuceno', 'MG'),
(633, 'Ninheira', 'MG'),
(634, 'Nova Era', 'MG'),
(635, 'Nova Lima', 'MG'),
(636, 'Nova União', 'MG'),
(637, 'Novo Cruzeiro', 'MG'),
(638, 'Novo Oriente de Minas', 'MG'),
(639, 'Olímpio Noronha', 'MG'),
(640, 'Oliveira', 'MG'),
(641, 'Ouro Branco', 'MG'),
(642, 'Ouro Fino', 'MG'),
(643, 'Ouro Preto', 'MG'),
(644, 'Paciência', 'MG'),
(645, 'Paiva', 'MG'),
(646, 'Palma', 'MG'),
(647, 'Palmópolis', 'MG'),
(648, 'Panorama', 'MG'),
(649, 'Pará de Minas', 'MG'),
(650, 'Paraguaçu', 'MG'),
(651, 'Paraopeba', 'MG'),
(652, 'Passa Quatro', 'MG'),
(653, 'Passa Tempo', 'MG'),
(654, 'Passos', 'MG'),
(655, 'Patos de Minas', 'MG'),
(656, 'Patrocínio', 'MG'),
(657, 'Paula Cândido', 'MG'),
(658, 'Pedra Azul', 'MG'),
(659, 'Pedra Bonita', 'MG'),
(660, 'Pedralva', 'MG'),
(661, 'Pedrinópolis', 'MG'),
(662, 'Pequeri', 'MG'),
(663, 'Peçanha', 'MG'),
(664, 'Piedade de Caratinga', 'MG'),
(665, 'Piedade do Rio Grande', 'MG'),
(666, 'Pingo D’Água', 'MG'),
(667, 'Pintópolis', 'MG'),
(668, 'Piracema', 'MG'),
(669, 'Piranga', 'MG'),
(670, 'Piranguçu', 'MG'),
(671, 'Piranguinho', 'MG'),
(672, 'Pitangui', 'MG'),
(673, 'Piumhi', 'MG'),
(674, 'Planura', 'MG'),
(675, 'Planalto de Minas', 'MG'),
(676, 'Poço Fundo', 'MG'),
(677, 'Pocrane', 'MG'),
(678, 'Pouso Alegre', 'MG'),
(679, 'Pouso Alto', 'MG'),
(680, 'Prados', 'MG'),
(681, 'Prata', 'MG'),
(682, 'Presidente Bernardes', 'MG'),
(683, 'Presidente Juscelino', 'MG'),
(684, 'Presidente Olegário', 'MG'),
(685, 'Raposos', 'MG'),
(686, 'Recursolândia', 'MG'),
(687, 'Reduto', 'MG'),
(688, 'Resplendor', 'MG'),
(689, 'Ribeirão das Neves', 'MG'),
(690, 'Ribeirão do Lago', 'MG'),
(691, 'Ribeirão Vermelho', 'MG'),
(692, 'Rio Acima', 'MG'),
(693, 'Rio Casca', 'MG'),
(694, 'Rio do Prado', 'MG'),
(695, 'Rio Espera', 'MG'),
(696, 'Rio Pardo de Minas', 'MG'),
(697, 'Rio Vermelho', 'MG'),
(698, 'Ritápolis', 'MG'),
(699, 'Rochedo de Minas', 'MG'),
(700, 'Romaria', 'MG'),
(701, 'Rosário da Limeira', 'MG'),
(702, 'Rubelita', 'MG'),
(703, 'Sabinópolis', 'MG'),
(704, 'Sabará', 'MG'),
(705, 'Salinas', 'MG'),
(706, 'Salto da Divisa', 'MG'),
(707, 'Santa Bárbara', 'MG'),
(708, 'Santa Cruz de Minas', 'MG'),
(709, 'Santa Efigênia de Minas', 'MG'),
(710, 'Santa Juliana', 'MG'),
(711, 'Santa Maria de Itabira', 'MG'),
(712, 'Santa Maria do Salto', 'MG'),
(713, 'Santa Rita de Caldas', 'MG'),
(714, 'Santa Rita de Ibitipoca', 'MG'),
(715, 'Santa Rita do Sapucaí', 'MG'),
(716, 'Santa Vitória', 'MG'),
(717, 'Santana de Cataguases', 'MG'),
(718, 'Santana do Deserto', 'MG'),
(719, 'Santana do Garambéu', 'MG'),
(720, 'Santana do Riacho', 'MG'),
(721, 'Santana dos Montes', 'MG'),
(722, 'Santo Antônio do Amparo', 'MG'),
(723, 'Santo Antônio do Grama', 'MG'),
(724, 'Santo Antônio do Monte', 'MG'),
(725, 'Santo Antônio do Retiro', 'MG'),
(726, 'Santo Antônio do Rio Abaixo', 'MG'),
(727, 'Santo Hipólito', 'MG'),
(728, 'São Bento Abade', 'MG'),
(729, 'São Brás do Suaçuí', 'MG'),
(730, 'São Domingos das Dores', 'MG'),
(731, 'São Domingos do Prata', 'MG'),
(732, 'São Francisco', 'MG'),
(733, 'São Gonçalo do Rio Abaixo', 'MG'),
(734, 'São Gonçalo do Sapucaí', 'MG'),
(735, 'São João Batista do Glória', 'MG'),
(736, 'São João Nepomuceno', 'MG'),
(737, 'São João del-Rei', 'MG'),
(738, 'São Joaquim de Bicas', 'MG'),
(739, 'São José da Safira', 'MG'),
(740, 'São José da Lapa', 'MG'),
(741, 'São José do Alegre', 'MG'),
(742, 'São José do Goiabal', 'MG'),
(743, 'São José do Mantimento', 'MG'),
(744, 'São Miguel do Anta', 'MG'),
(745, 'São Pedro do Suaçuí', 'MG'),
(746, 'São Sebastião da Bela Vista', 'MG'),
(747, 'São Sebastião do Anta', 'MG'),
(748, 'São Tiago', 'MG'),
(749, 'São Tomás de Aquino', 'MG'),
(750, 'São Vicente de Minas', 'MG'),
(751, 'Senador Cortes', 'MG'),
(752, 'Senador Amaral', 'MG'),
(753, 'Sericita', 'MG'),
(754, 'Serra Azul de Minas', 'MG'),
(755, 'Serra do Salitre', 'MG'),
(756, 'Serra dos Aimorés', 'MG'),
(757, 'Serrania', 'MG'),
(758, 'Serranópolis de Minas', 'MG'),
(759, 'Sete Lagoas', 'MG'),
(760, 'Silvianópolis', 'MG'),
(761, 'Silvianópolis', 'MG'),
(762, 'Simão Pereira', 'MG'),
(763, 'Simonésia', 'MG'),
(764, 'Sobral', 'MG'),
(765, 'Sobrália', 'MG'),
(766, 'Solonópole', 'MG'),
(767, 'São Paulo', 'MG'),
(768, 'Taquaraçu de Minas', 'MG'),
(769, 'Taparuba', 'MG'),
(770, 'Tapira', 'MG'),
(771, 'Teixeiras', 'MG'),
(772, 'Teófilo Otoni', 'MG'),
(773, 'Tiradentes', 'MG'),
(774, 'Tocantins', 'MG'),
(775, 'Tombos', 'MG'),
(776, 'Três Corações', 'MG'),
(777, 'Três Marias', 'MG'),
(778, 'Três Pontas', 'MG'),
(779, 'Turmalina', 'MG'),
(780, 'Ubá', 'MG'),
(781, 'Unaí', 'MG'),
(782, 'Vargem Alegre', 'MG'),
(783, 'Vargem Bonita', 'MG'),
(784, 'Vargem Grande do Sul', 'MG'),
(785, 'Varjão de Minas', 'MG'),
(786, 'Vespasiano', 'MG'),
(787, 'Viana', 'MG'),
(788, 'Virgem da Lapa', 'MG'),
(789, 'Virgínia', 'MG'),
(790, 'Visconde do Rio Branco', 'MG'),
(791, 'Volta Grande', 'MG'),
(792, 'Wenceslau Braz', 'MG'),
(793, 'Xapuri', 'MG'),
(794, 'Zelândia', 'MG');

INSERT INTO cidade (idcidade, nome, estado_idestado) VALUES
(795, 'Araraquara', 'SP');

## ESTADO

INSERT INTO estado (idestado, nome) VALUES
('AC', 'Acre'),
('AL', 'Alagoas'),
('AP', 'Amapá'),
('AM', 'Amazonas'),
('BA', 'Bahia'),
('CE', 'Ceará'),
('DF', 'Distrito Federal'),
('ES', 'Espírito Santo'),
('GO', 'Goiás'),
('MA', 'Maranhão'),
('MT', 'Mato Grosso'),
('MS', 'Mato Grosso do Sul'),
('MG', 'Minas Gerais'),
('PA', 'Pará'),
('PB', 'Paraíba'),
('PR', 'Paraná'),
('PE', 'Pernambuco'),
('PI', 'Piauí'),
('RJ', 'Rio de Janeiro'),
('RN', 'Rio Grande do Norte'),
('RS', 'Rio Grande do Sul'),
('RO', 'Rondônia'),
('RR', 'Roraima'),
('SC', 'Santa Catarina'),
('SP', 'São Paulo'),
('SE', 'Sergipe'),
('TO', 'Tocantins');

## COLETOR

INSERT INTO coletor (idcoletor, nome, cnpjCpf, telefone, endereco, cidade_idcidade, dataCadastro) VALUES
(1, 'ACME Indústria de Comércio de Lixo', '59.764.555/0001-52', '11987657294', 'Rua A, 123', 1, '2024-01-15'),
(2, 'Reciclável Soluções Ambientais', '12.345.678/0001-98', '11987654321', 'Rua B, 456', 2, '2024-02-10'),
(3, 'Green Future Coleta e Reciclagem', '34.567.890/0001-23', '11987651234', 'Avenida C, 789', 3, '2024-03-05'),
(4, 'Lixo Limpo Ltda.', '98.765.432/0001-11', '11987652345', 'Praça D, 147', 4, '2024-04-20'),
(5, 'Eco Coleta Ambiental', '87.654.321/0001-99', '11987653456', 'Rua E, 258', 5, '2024-05-25'),
(6, 'ReciclaBrasil', '56.789.012/0001-76', '11987654567', 'Avenida F, 369', 6, '2024-06-30'),
(7, 'Limpando o Futuro', '45.678.901/0001-55', '11987655678', 'Rua G, 852', 7, '2024-07-15'),
(8, 'Indústria Verde Coleta', '23.456.789/0001-44', '11987656789', 'Praça H, 963', 8, '2024-08-10'),
(9, 'Reciclagem Total', '67.890.123/0001-22', '11987657890', 'Rua I, 741', 9, '2024-09-05'),
(10, 'Coleta Ecológica', '78.901.234/0001-33', '11987658901', 'Avenida J, 258', 10, '2024-10-01'),
(11, 'Resíduos Sustentáveis', '89.012.345/0001-11', '11987659012', 'Rua K, 369', 11, '2024-11-20'),
(12, 'Indústria de Reciclagem Ecocycle', '90.123.456/0001-88', '11987660123', 'Praça L, 852', 12, '2024-12-15'),
(13, 'Lixo Verde Coleta', '21.234.567/0001-77', '11987661234', 'Rua M, 963', 13, '2024-01-05'),
(14, 'Reciclar é Viver', '32.345.678/0001-66', '11987662345', 'Avenida N, 147', 14, '2024-02-10'),
(15, 'Indústria de Coleta Ecológica', '43.456.789/0001-55', '11987663456', 'Rua O, 258', 15, '2024-03-25'),
(16, 'Verde e Limpo', '54.567.890/0001-44', '11987664567', 'Praça P, 369', 16, '2024-04-30'),
(17, 'Coleta Consciente', '65.678.901/0001-33', '11987665678', 'Rua Q, 852', 17, '2024-05-15'),
(18, 'Indústria Reciclagem Inteligente', '76.789.012/0001-22', '11987666789', 'Avenida R, 963', 18, '2024-06-05'),
(19, 'Coleta do Bem', '87.890.123/0001-11', '11987667890', 'Rua S, 741', 19, '2024-07-20'),
(20, 'ECO Lixo', '98.901.234/0001-99', '11987668901', 'Praça T, 258', 20, '2024-08-15'),
(21, 'Reciclagem e Sustentabilidade', '10.234.567/0001-88', '11987669012', 'Rua U, 369', 21, '2024-09-10'),
(22, 'Indústria de Coleta Sustentável', '21.345.678/0001-77', '11987670123', 'Avenida V, 852', 22, '2024-10-01'),
(23, 'Verde Coleta', '32.456.789/0001-66', '11987671234', 'Rua W, 963', 23, '2024-11-25'),
(24, 'Recicla Aí', '43.567.890/0001-55', '11987672345', 'Praça X, 147', 24, '2024-12-20'),
(25, 'Coletor Verde', '54.678.901/0001-44', '11987673456', 'Rua Y, 258', 25, '2024-01-10'),
(26, 'Indústria de Reciclagem Vida Verde', '65.789.012/0001-33', '11987674567', 'Avenida Z, 369', 26, '2024-02-05'),
(27, 'Reciclagem do Futuro', '76.890.123/0001-22', '11987675678', 'Rua AA, 852', 27, '2024-03-12'),
(28, 'Lixo e Cidadania', '87.901.234/0001-11', '11987676789', 'Praça AB, 963', 28, '2024-04-08'),
(29, 'Eco Coletor', '98.012.345/0001-99', '11987677890', 'Rua AC, 741', 29, '2024-05-25'),
(30, 'Indústria Reciclagem EcoBrasil', '10.123.456/0001-88', '11987678901', 'Praça AD, 258', 30, '2024-06-15');

## DEPÓSITO

INSERT INTO deposito (iddeposito, nome, endereco, cep, cidade_idcidade, telefone, capacidadeMaxima, dataCadastro, horaAbertura, horaFechamento) VALUES
(1, 'Rodrigues Alves - Loja 01', 'Av. Rodrigues Alves , 606 - Bairro do Rosário', '13870-320', 322, '1936344500', 5.000, '2024-09-25', '07:00:00', '22:00:00'),
(2, 'Ademar de Barros - Loja 02', 'Rua Ademar de Barros , 570 - Centro', '13870-000', 322, '1936382250', 3.000, '2024-09-25', '07:00:00', '22:00:00'),
(3, 'Durval Nicolau - Loja 03', 'Rua Serafim José Ferreira , 471 - Durval Nicolau', '13876-600', 322, '1936343100', 3.000, '2024-09-25', '08:00:00', '21:00:00'),
(4, 'DER - Loja 04', 'Rua Henrique C. Vasconcelos, 1784 - Jd. São Nicolau', '13876-100', 322, '1936344600', 4.000, '2024-09-25', '07:00:00', '22:00:00'),
(5, 'Vila Tenente Vasconcelos - Loja 05', 'Rua Henrique C. de Vasconcelos, 2302 - Vila Tenente Vasconcelos', '13876-100', 322, '1936259500', 4.000, '2024-09-25', '07:00:00', '22:00:00'),
(6, 'Centro - Loja 06', 'Rua Batista Figueiredo, 300 - Centro', '13880-000', 367, '1936419292', 5.000, '2024-09-25', '07:00:00', '21:00:00'),
(7, 'Centro - Loja 07', 'Av. Presidente Getúlio Vargas, 253 - Centro', '13140-315', 247, '1938008585', 2.000, '2024-09-25', '07:00:00', '22:00:00'),
(8, 'Carmo - Loja 08', 'Rua Imaculada Conceição, 1511 - Carmo', '14801-400', 795, '1633347828', 2.000, '2024-09-25', '08:00:00', '20:00:00'),
(9, 'São José - Loja 09', 'Av. Antonio de Pádua Correa, 938 - São José', '14800-500', 795, '1633347700', 4.000, '2024-09-25', '08:00:00', '21:00:00'),
(10, 'Boa Vista - Loja 10', 'Rua Vinte e Cinco de Março, 310 - Boa Vista', '13486-118', 197, '1936344972', 2.000, '2024-09-25', '07:00:00', '22:00:00'),
(11, 'Boa Morte - Loja 11', 'Largo da Boa Morte , 81 - Centro', '13480-188', 197, '1934043710', 3.000, '2024-09-25', '07:00:00', '20:00:00'),
(12, 'Aeroporto - Loja 12', 'Av. Doutor Lauro Corrêa da Silva, 4825 - Jd. Aeroporto', '13481-500', 197, '1934458500', 5.000, '2024-09-25', '07:00:00', '20:00:00'),
(13, 'Alvorada - Loja 13', 'Rua Maria Lopes Glória , 461 - Jd. Alvorada', '13486-601', 197, '1934042040', 4.000, '2024-09-25', '07:00:00', '20:00:00'),
(14, 'Jd. Montezuma - Loja 14', 'Rua Cônego Cipriano de Souza Oliveira, 651', '13480-369', 197, '1934418333', 5.000, '2024-09-25', '07:00:00', '22:00:00'),
(15, 'Laranjeiras - Loja 15', 'Av. Laranjeiras, 474 - Vila Queiroz', '13485-020', 197, '1934041740', 3.000, '2024-09-25', '07:00:00', '22:00:00');

## ENTRADA

INSERT INTO entrada (identrada, usuario_idusuario, deposito_iddeposito, material_idmaterial, dataEntrada, quantidade) VALUES
(1, 1, 1, 1, '2024-09-01', 0.80),
(2, 2, 1, 2, '2024-09-02', 1.50),
(3, 3, 1, 3, '2024-09-03', 2.00),
(4, 1, 1, 4, '2024-09-04', 3.25),
(5, 2, 1, 5, '2024-09-05', 0.50),
(6, 3, 1, 6, '2024-09-06', 1.20),
(7, 1, 1, 7, '2024-09-07', 4.10),
(8, 2, 1, 8, '2024-09-08', 0.90),
(9, 3, 1, 9, '2024-09-09', 1.75),
(10, 1, 1, 10, '2024-09-10', 2.50),
(11, 2, 1, 11, '2024-09-11', 0.60),
(12, 3, 1, 12, '2024-09-12', 3.00),
(13, 1, 1, 13, '2024-09-13', 2.80),
(14, 2, 1, 14, '2024-09-14', 1.00),
(15, 3, 1, 15, '2024-09-15', 5.00),
(16, 1, 1, 16, '2024-09-16', 0.30),
(17, 2, 1, 17, '2024-09-17', 1.50),
(18, 3, 1, 18, '2024-09-18', 0.75),
(19, 1, 1, 19, '2024-09-19', 4.20),
(20, 2, 1, 20, '2024-09-20', 0.85),
(21, 3, 1, 21, '2024-09-21', 2.10),
(22, 1, 1, 22, '2024-09-22', 1.45),
(23, 2, 1, 23, '2024-09-23', 3.65),
(24, 3, 1, 24, '2024-09-24', 0.95),
(25, 1, 1, 25, '2024-09-25', 2.25),
(26, 2, 1, 26, '2024-09-26', 1.15),
(27, 3, 1, 27, '2024-09-27', 3.80),
(28, 1, 1, 28, '2024-09-28', 0.55),
(29, 2, 1, 29, '2024-09-29', 1.05);

## MATERIAL

INSERT INTO material (idmaterial, nome, descricao, categoria_idcategoria) VALUES
(1, 'Jornais e revistas', 'Jornais e revistas usadas', 1),
(2, 'Papéis de escritório', 'Papéis usados de escritório, como sulfite e cadernos', 1),
(3, 'Embalagens de papel', 'Embalagens de produtos feitos de papel', 1),
(4, 'Papéis de embrulho', 'Papéis usados para embrulho, sem contaminação', 1),
(5, 'Envelopes', 'Envelopes usados, limpos', 1),
(6, 'Caixas de papelão', 'Caixas de papelão limpas', 1),
(7, 'Livros e folhetos', 'Livros antigos, folhetos e panfletos', 1),
(8, 'Garrafas PET', 'Garrafas plásticas de refrigerante e água', 2),
(9, 'Embalagens de produtos de limpeza', 'Frascos de plástico de produtos de limpeza', 2),
(10, 'Copos plásticos', 'Copos descartáveis de plástico', 2),
(11, 'Sacos e sacolas plásticas', 'Sacos e sacolas feitas de plástico', 2),
(12, 'Potes de iogurte e margarina', 'Potes de plástico usados para alimentos', 2),
(13, 'Tampas plásticas', 'Tampas plásticas de garrafas e recipientes', 2),
(14, 'Brinquedos de plástico', 'Brinquedos plásticos que podem ser reciclados', 2),
(15, 'Canos e tubos de PVC', 'Tubos de PVC utilizados em construções', 2),
(16, 'Latas de alumínio', 'Latas de bebidas como refrigerantes e cervejas', 3),
(17, 'Latas de aço', 'Latas usadas para alimentos enlatados, como salsichas', 3),
(18, 'Ferragens e pregos', 'Ferragens e pregos de metal para reciclagem', 3),
(19, 'Tampas metálicas', 'Tampas metálicas de garrafas e recipientes', 3),
(20, 'Panelas sem cabo', 'Panelas de metal, sem partes plásticas ou de madeira', 3),
(21, 'Alumínio', 'Papéis alumínio e embalagens como marmitas descartáveis', 3),
(22, 'Garrafas de vidro', 'Garrafas de vidro de bebidas como vinho, suco e refrigerante', 4),
(23, 'Potes de vidro', 'Potes de vidro usados para conservas e geleias', 4),
(24, 'Frascos de perfumes', 'Frascos de vidro de perfumes', 4),
(25, 'Vidros de conserva', 'Vidros utilizados para armazenar alimentos em conserva', 4),
(26, 'Jarras e copos de vidro', 'Jarras e copos de vidro quebrados ou em desuso', 4),
(27, 'Caixas de leite', 'Embalagens Tetra Pak usadas para leite', 5),
(28, 'Caixas de suco', 'Embalagens Tetra Pak usadas para suco', 5),
(29, 'Embalagens de molhos prontos', 'Caixas Tetra Pak usadas para molhos', 5);

## SAIDA

INSERT INTO saida (idsaida, entrada_identrada, entrada_usuario_idusuario, entrada_deposito_iddeposito, entrada_material_idmaterial, coletor_idcoletor, dataSaida, quantidade) VALUES
(1, 1, 1, 1, 1, 1, '2024-09-01', 0.80),
(2, 2, 2, 1, 2, 1, '2024-09-02', 1.50),
(3, 3, 3, 1, 3, 1, '2024-09-03', 2.00),
(4, 4, 1, 1, 4, 1, '2024-09-04', 3.25),
(5, 5, 2, 1, 5, 1, '2024-09-05', 0.50),
(6, 6, 3, 1, 6, 1, '2024-09-06', 1.20),
(7, 7, 1, 1, 7, 1, '2024-09-07', 4.10),
(8, 8, 2, 1, 8, 1, '2024-09-08', 0.90),
(9, 9, 3, 1, 9, 1, '2024-09-09', 1.75),
(10, 10, 1, 1, 10, 1, '2024-09-10', 2.50),
(11, 11, 2, 1, 11, 1, '2024-09-11', 0.60),
(12, 12, 3, 1, 12, 1, '2024-09-12', 3.00),
(13, 13, 1, 1, 13, 1, '2024-09-13', 2.80),
(14, 14, 2, 1, 14, 1, '2024-09-14', 1.00),
(15, 15, 3, 1, 15, 1, '2024-09-15', 5.00),
(16, 16, 1, 1, 16, 1, '2024-09-16', 0.30),
(17, 17, 2, 1, 17, 1, '2024-09-17', 1.50),
(18, 18, 3, 1, 18, 1, '2024-09-18', 0.75),
(19, 19, 1, 1, 19, 1, '2024-09-19', 4.20),
(20, 20, 2, 1, 20, 1, '2024-09-20', 0.85),
(21, 21, 3, 1, 21, 1, '2024-09-21', 2.10),
(22, 22, 1, 1, 22, 1, '2024-09-22', 1.45),
(23, 23, 2, 1, 23, 1, '2024-09-23', 3.65),
(24, 24, 3, 1, 24, 1, '2024-09-24', 0.95),
(25, 25, 1, 1, 25, 1, '2024-09-25', 2.25),
(26, 26, 2, 1, 26, 1, '2024-09-26', 1.15),
(27, 27, 3, 1, 27, 1, '2024-09-27', 3.80),
(28, 28, 1, 1, 28, 1, '2024-09-28', 0.55),
(29, 29, 2, 1, 29, 1, '2024-09-29', 1.05);

## TIPO USUÁRIO

USE sboreciclasv;

INSERT INTO tipousuario (idtipoUsuario, tipo) VALUES
(1, 'Cliente'),
(2, 'Funcionário'),
(3, 'Gerente'),
(4, 'Administrador'),
(5, 'Caixa'),
(6, 'Supervisor de Setor');

## USUÁRIO

INSERT INTO usuario (idusuario, nome, email, telefone, dataCadastro, tipoUsuario_idtipoUsuario) VALUES
(1, 'Carlos Silva', 'carlos.silva@email.com', '11987654321', '2020-03-15', 1),
(2, 'Maria Oliveira', 'maria.oliveira@email.com', '11987654322', '2021-06-22', 2),
(3, 'João Souza', 'joao.souza@email.com', '11987654323', '2022-09-10', 3),
(4, 'Ana Costa', 'ana.costa@email.com', '11987654324', '2023-01-08', 4),
(5, 'Paulo Ferreira', 'paulo.ferreira@email.com', '11987654325', '2019-07-20', 5),
(6, 'Cláudia Lima', 'claudia.lima@email.com', '11987654326', '2021-12-01', 6),
(7, 'Ricardo Alves', 'ricardo.alves@email.com', '11987654327', '2020-04-11', 1),
(8, 'Fernanda Martins', 'fernanda.martins@email.com', '11987654328', '2022-08-25', 2),
(9, 'Juliana Ribeiro', 'juliana.ribeiro@email.com', '11987654329', '2019-05-30', 3),
(10, 'Felipe Pinto', 'felipe.pinto@email.com', '11987654330', '2024-02-14', 4),
(11, 'Camila Barbosa', 'camila.barbosa@email.com', '11987654331', '2023-03-17', 5),
(12, 'Thiago Santos', 'thiago.santos@email.com', '11987654332', '2021-07-09', 6),
(13, 'Gabriel Rocha', 'gabriel.rocha@email.com', '11987654333', '2020-10-05', 1),
(14, 'Luciana Dias', 'luciana.dias@email.com', '11987654334', '2022-11-12', 2),
(15, 'Rodrigo Melo', 'rodrigo.melo@email.com', '11987654335', '2023-09-18', 3),
(16, 'Patrícia Cunha', 'patricia.cunha@email.com', '11987654336', '2019-04-24', 4),
(17, 'Renato Campos', 'renato.campos@email.com', '11987654337', '2020-02-06', 5),
(18, 'Débora Nunes', 'debora.nunes@email.com', '11987654338', '2021-05-27', 6),
(19, 'Sérgio Batista', 'sergio.batista@email.com', '11987654339', '2023-07-11', 1),
(20, 'Isabela Cardoso', 'isabela.cardoso@email.com', '11987654340', '2022-01-29', 2),
(21, 'Vitor Carvalho', 'vitor.carvalho@email.com', '11987654341', '2020-11-22', 3),
(22, 'Bianca Almeida', 'bianca.almeida@email.com', '11987654342', '2024-09-04', 4),
(23, 'André Matos', 'andre.matos@email.com', '11987654343', '2021-03-19', 5),
(24, 'Larissa Moura', 'larissa.moura@email.com', '11987654344', '2019-08-31', 6),
(25, 'Pedro Teixeira', 'pedro.teixeira@email.com', '11987654345', '2020-06-16', 1),
(26, 'Rafaela Monteiro', 'rafaela.monteiro@email.com', '11987654346', '2021-10-23', 2),
(27, 'Marcelo Gomes', 'marcelo.gomes@email.com', '11987654347', '2023-12-15', 3),
(28, 'Elaine Correia', 'elaine.correia@email.com', '11987654348', '2022-02-27', 4),
(29, 'Fábio Lopes', 'fabio.lopes@email.com', '11987654349', '2020-09-21', 5),
(30, 'Tatiane Azevedo', 'tatiane.azevedo@email.com', '11987654350', '2019-03-02', 6);
