## TIPO USUÁRIO

USE sboreciclasv;

INSERT INTO tipousuario (idtipoUsuario, tipo) VALUES
(1, 'Cliente'),
(2, 'Funcionário'),
(3, 'Gerente'),
(4, 'Administrador'),
(5, 'Caixa'),
(6, 'Supervisor de Setor');

## USUÁRIO

INSERT INTO usuario (idusuario, nome, email, telefone, dataCadastro, tipoUsuario_idtipoUsuario) VALUES
(1, 'Carlos Silva', 'carlos.silva@email.com', '11987654321', '2022-01-15', 1),
(2, 'Maria Oliveira', 'maria.oliveira@email.com', '11987654322', '2022-02-22', 2),
(3, 'João Souza', 'joao.souza@email.com', '11987654323', '2022-03-10', 3),
(4, 'Ana Costa', 'ana.costa@email.com', '11987654324', '2022-04-08', 4),
(5, 'Paulo Ferreira', 'paulo.ferreira@email.com', '11987654325', '2022-05-20', 5),
(6, 'Cláudia Lima', 'claudia.lima@email.com', '11987654326', '2022-06-01', 6),
(7, 'Ricardo Alves', 'ricardo.alves@email.com', '11987654327', '2022-07-11', 1),
(8, 'Fernanda Martins', 'fernanda.martins@email.com', '11987654328', '2022-08-25', 2),
(9, 'Juliana Ribeiro', 'juliana.ribeiro@email.com', '11987654329', '2022-09-30', 3),
(10, 'Felipe Pinto', 'felipe.pinto@email.com', '11987654330', '2022-10-14', 4),
(11, 'Camila Barbosa', 'camila.barbosa@email.com', '11987654331', '2022-11-17', 5),
(12, 'Thiago Santos', 'thiago.santos@email.com', '11987654332', '2022-12-01', 6),
(13, 'Gabriel Rocha', 'gabriel.rocha@email.com', '11987654333', '2023-01-05', 1),
(14, 'Luciana Dias', 'luciana.dias@email.com', '11987654334', '2023-02-12', 2),
(15, 'Rodrigo Melo', 'rodrigo.melo@email.com', '11987654335', '2023-03-18', 3),
(16, 'Patrícia Cunha', 'patricia.cunha@email.com', '11987654336', '2023-04-24', 4),
(17, 'Renato Campos', 'renato.campos@email.com', '11987654337', '2023-05-10', 5),
(18, 'Débora Nunes', 'debora.nunes@email.com', '11987654338', '2023-06-27', 6),
(19, 'Sérgio Batista', 'sergio.batista@email.com', '11987654339', '2023-07-11', 1),
(20, 'Isabela Cardoso', 'isabela.cardoso@email.com', '11987654340', '2023-08-02', 2),
(21, 'Vitor Carvalho', 'vitor.carvalho@email.com', '11987654341', '2023-09-19', 3),
(22, 'Bianca Almeida', 'bianca.almeida@email.com', '11987654342', '2023-10-04', 4),
(23, 'André Matos', 'andre.matos@email.com', '11987654343', '2023-11-15', 5),
(24, 'Larissa Moura', 'larissa.moura@email.com', '11987654344', '2023-12-31', 6),
(25, 'Pedro Teixeira', 'pedro.teixeira@email.com', '11987654345', '2024-01-10', 1),
(26, 'Rafaela Monteiro', 'rafaela.monteiro@email.com', '11987654346', '2024-02-23', 2),
(27, 'Marcelo Gomes', 'marcelo.gomes@email.com', '11987654347', '2024-03-17', 3),
(28, 'Elaine Correia', 'elaine.correia@email.com', '11987654348', '2024-04-28', 4),
(29, 'Fábio Lopes', 'fabio.lopes@email.com', '11987654349', '2024-05-15', 5),
(30, 'Tatiane Azevedo', 'tatiane.azevedo@email.com', '11987654350', '2024-06-11', 6),
(31, 'Lucas Silva', 'lucas.silva@email.com', '11987654351', '2024-07-20', 1),
(32, 'Mariana Gomes', 'mariana.gomes@email.com', '11987654352', '2024-08-22', 2),
(33, 'Ricardo Lima', 'ricardo.lima@email.com', '11987654353', '2024-09-10', 3),
(34, 'Fernanda Costa', 'fernanda.costa@email.com', '11987654354', '2024-09-15', 4),
(35, 'Daniel Almeida', 'daniel.almeida@email.com', '11987654355', '2024-10-01', 5),
(36, 'Camila Dias', 'camila.dias@email.com', '11987654356', '2024-10-10', 6),
(37, 'João Pedro', 'joao.pedro@email.com', '11987654357', '2024-10-20', 1),
(38, 'Lucas Almeida', 'lucas.almeida@email.com', '11987654358', '2024-10-25', 2),
(39, 'Juliana Santos', 'juliana.santos@email.com', '11987654359', '2024-10-26', 3),
(40, 'Felipe Ferreira', 'felipe.ferreira@email.com', '11987654360', '2024-10-27', 4),
(41, 'Roberta Oliveira', 'roberta.oliveira@email.com', '11987654361', '2024-10-27', 5),
(42, 'Thiago Gomes', 'thiago.gomes@email.com', '11987654362', '2024-10-27', 6),
(43, 'Gabriel Alves', 'gabriel.alves@email.com', '11987654363', '2024-10-27', 1),
(44, 'Ana Paula', 'ana.paula@email.com', '11987654364', '2024-10-27', 2),
(45, 'Rodrigo Santos', 'rodrigo.santos@email.com', '11987654365', '2024-10-27', 3),
(46, 'Patrícia Lima', 'patricia.lima@email.com', '11987654366', '2024-10-27', 4),
(47, 'Débora Gomes', 'debora.gomes@email.com', '11987654367', '2024-10-27', 5),
(48, 'Sérgio Nunes', 'sergio.nunes@email.com', '11987654368', '2024-10-27', 6),
(49, 'Isabela Mendes', 'isabela.mendes@email.com', '11987654369', '2024-10-27', 1),
(50, 'Vitor Pereira', 'vitor.pereira@email.com', '11987654370', '2024-10-27', 2),
(51, 'Bianca Azevedo', 'bianca.azevedo@email.com', '11987654371', '2024-10-27', 3),
(52, 'André Cardoso', 'andre.cardoso@email.com', '11987654372', '2024-10-27', 4),
(53, 'Larissa Martins', 'larissa.martins@email.com', '11987654373', '2024-10-27', 5),
(54, 'Pedro Santos', 'pedro.santos@email.com', '11987654374', '2024-10-27', 6),
(55, 'Rafaela Ribeiro', 'rafaela.ribeiro@email.com', '11987654375', '2024-10-27', 1),
(56, 'Marcelo Oliveira', 'marcelo.oliveira@email.com', '11987654376', '2024-10-27', 2),
(57, 'Elaine Lopes', 'elaine.lopes@email.com', '11987654377', '2024-10-27', 3),
(58, 'Fábio Costa', 'fabio.costa@email.com', '11987654378', '2024-10-27', 4),
(59, 'Tatiane Martins', 'tatiane.martins@email.com', '11987654379', '2024-10-27', 5),
(60, 'Carlos Alberto', 'carlos.alberto@email.com', '11987654380', '2024-10-27', 6),
(61, 'Patricia Lima', 'patricia.lima@email.com', '11987654381', '2024-10-27', 1),
(62, 'Lucia Sousa', 'lucia.sousa@email.com', '11987654382', '2024-10-27', 2),
(63, 'Alexandre Torres', 'alexandre.torres@email.com', '11987654383', '2024-10-27', 3),
(64, 'Natalia Lima', 'natalia.lima@email.com', '11987654384', '2024-10-27', 4),
(65, 'Fernando Costa', 'fernando.costa@email.com', '11987654385', '2024-10-27', 5),
(66, 'Gustavo Silva', 'gustavo.silva@email.com', '11987654386', '2024-10-27', 6),
(67, 'Helena Martins', 'helena.martins@email.com', '11987654387', '2024-10-27', 1),
(68, 'Robson Pereira', 'robson.pereira@email.com', '11987654388', '2024-10-27', 2),
(69, 'Thiago Souza', 'thiago.souza@email.com', '11987654389', '2024-10-27', 3),
(70, 'Samantha Alves', 'samantha.alves@email.com', '11987654390', '2024-10-27', 4),
(71, 'Julio Lopes', 'julio.lopes@email.com', '11987654391', '2024-10-27', 5),
(72, 'Jéssica Lima', 'jessica.lima@email.com', '11987654392', '2024-10-27', 6),
(73, 'Rafael Gomes', 'rafael.gomes@email.com', '11987654393', '2024-10-27', 1),
(74, 'Amanda Ribeiro', 'amanda.ribeiro@email.com', '11987654394', '2024-10-27', 2),
(75, 'Bruno Sousa', 'bruno.souza@email.com', '11987654395', '2024-10-27', 3),
(76, 'Júlia Martins', 'julia.martins@email.com', '11987654396', '2024-10-27', 4),
(77, 'Edson Lima', 'edson.lima@email.com', '11987654397', '2024-10-27', 5),
(78, 'Bianca Torres', 'bianca.torres@email.com', '11987654398', '2024-10-27', 6),
(79, 'Nicolas Pereira', 'nicolas.pereira@email.com', '11987654399', '2024-10-27', 1),
(80, 'Tânia Costa', 'tania.costa@email.com', '11987700000', '2024-10-27', 2),
(81, 'Rodrigo Santos', 'rodrigo.santos@email.com', '11987700001', '2024-10-27', 3),
(82, 'Raquel Gomes', 'raquel.gomes@email.com', '11987700002', '2024-10-27', 4),
(83, 'Leonardo Azevedo', 'leonardo.azevedo@email.com', '11987700003', '2024-10-27', 5),
(84, 'Viviane Almeida', 'viviane.almeida@email.com', '11987700004', '2024-10-27', 6),
(85, 'César Silva', 'cesar.silva@email.com', '11987700005', '2024-10-27', 1),
(86, 'Tânia Martins', 'tania.martins@email.com', '11987700006', '2024-10-27', 2),
(87, 'Samuel Santos', 'samuel.santos@email.com', '11987700007', '2024-10-27', 3),
(88, 'Tatiane Silva', 'tatiane.silva@email.com', '11987700008', '2024-10-27', 4),
(89, 'Jorge Almeida', 'jorge.almeida@email.com', '11987700009', '2024-10-27', 5),
(90, 'Verônica Lima', 'veronica.lima@email.com', '11987700010', '2024-10-27', 6),
(91, 'André Cardoso', 'andre.cardoso@email.com', '11987700011', '2024-10-27', 1),
(92, 'Ana Rita', 'ana.rita@email.com', '11987700012', '2024-10-27', 2),
(93, 'Felipe Santos', 'felipe.santos@email.com', '11987700013', '2024-10-27', 3),
(94, 'João Lima', 'joao.lima@email.com', '11987700014', '2024-10-27', 4),
(95, 'Juliana Costa', 'juliana.costa@email.com', '11987700015', '2024-10-27', 5),
(96, 'Fábio Mendes', 'fabio.mendes@email.com', '11987700016', '2024-10-27', 6),
(97, 'Luciana Ferreira', 'luciana.ferreira@email.com', '11987700017', '2024-10-27', 1),
(98, 'Robson Lima', 'robson.lima@email.com', '11987700018', '2024-10-27', 2),
(99, 'Eliane Costa', 'eliane.costa@email.com', '11987700019', '2024-10-27', 3),
(100, 'Patrícia Nunes', 'patricia.nunes@email.com', '11987700020', '2024-10-27', 4);

## CATEGORIA

INSERT INTO categoria (idcategoria, categoria) VALUES
(1, 'Papel'),
(2, 'Plástico'),
(3, 'Metal'),
(4, 'Vidro'),
(5, 'Tetra Pak'),
(6, 'Bateria');

## MATERIAL

INSERT INTO `SBOReciclaSV`.`material` (`idmaterial`, `nome`, `descricao`, `categoria_idcategoria`)
VALUES
(1, 'Papelão', 'Material de papel grosso usado em embalagens', 1),
(2, 'Garrafa PET', 'Garrafa de plástico transparente para bebidas', 2),
(3, 'Lata de Alumínio', 'Lata de bebida feita de alumínio', 3),
(4, 'Vidro Transparente', 'Vidro de garrafa sem cor', 4),
(5, 'Caixa Tetra Pak', 'Embalagem cartonada usada para sucos e leite', 5),
(6, 'Pilha AA', 'Bateria cilíndrica usada em pequenos aparelhos', 6),
(7, 'Papel Branco', 'Papel usado para impressão', 1),
(8, 'Saco Plástico', 'Saco utilizado para embalar produtos', 2),
(9, 'Lata de Aço', 'Lata utilizada para alimentos enlatados', 3),
(10, 'Vidro Colorido', 'Vidro de garrafa com cor', 4),
(11, 'Papelão Ondulado', 'Papelão com ondulações para maior resistência', 1),
(12, 'Embalagem de Plástico', 'Embalagem utilizada para alimentos', 2),
(13, 'Lata de Tinta', 'Lata usada para armazenamento de tinta', 3),
(14, 'Garrafão de Vidro', 'Garrafão utilizado para armazenar líquidos', 4),
(15, 'Caixa de Leite Tetra Pak', 'Embalagem para leite feita de Tetra Pak', 5),
(16, 'Bateria de Lítio', 'Bateria recarregável usada em dispositivos eletrônicos', 6),
(17, 'Papel Jornal', 'Papel utilizado para impressão de jornais', 1),
(18, 'Plástico Filme', 'Plástico fino utilizado para embalagens', 2),
(19, 'Fio de Cobre', 'Material utilizado para fiação elétrica', 3),
(20, 'Caco de Vidro', 'Pedaços de vidro quebrado', 4),
(21, 'Embalagem de Alumínio', 'Embalagem metálica utilizada para alimentos', 3),
(22, 'Papel Cartão', 'Papel mais grosso usado para cartões', 1),
(23, 'Tubo de PVC', 'Material plástico utilizado em encanamentos', 2),
(24, 'Lata de Spray', 'Lata usada para armazenar spray de tinta', 3),
(25, 'Garrafa de Vidro Verde', 'Garrafa feita de vidro verde', 4),
(26, 'Embalagem de Tetra Pak', 'Material composto de papel, plástico e alumínio', 5),
(27, 'Bateria de Carro', 'Bateria utilizada para automóveis', 6),
(28, 'Papel Manteiga', 'Papel usado em culinária', 1),
(29, 'Espuma Plástica', 'Material plástico leve e flexível', 2),
(30, 'Papel de Seda', 'Papel fino utilizado em embrulhos', 1);

## ESTADO

INSERT INTO estado (idestado, nome) VALUES
('AC', 'Acre'),
('AL', 'Alagoas'),
('AP', 'Amapá'),
('AM', 'Amazonas'),
('BA', 'Bahia'),
('CE', 'Ceará'),
('DF', 'Distrito Federal'),
('ES', 'Espírito Santo'),
('GO', 'Goiás'),
('MA', 'Maranhão'),
('MT', 'Mato Grosso'),
('MS', 'Mato Grosso do Sul'),
('MG', 'Minas Gerais'),
('PA', 'Pará'),
('PB', 'Paraíba'),
('PR', 'Paraná'),
('PE', 'Pernambuco'),
('PI', 'Piauí'),
('RJ', 'Rio de Janeiro'),
('RN', 'Rio Grande do Norte'),
('RS', 'Rio Grande do Sul'),
('RO', 'Rondônia'),
('RR', 'Roraima'),
('SC', 'Santa Catarina'),
('SP', 'São Paulo'),
('SE', 'Sergipe'),
('TO', 'Tocantins');

## CIDADE

INSERT INTO cidade (idcidade, nome, estado_idestado) VALUES
(1, 'Americana', 'SP'),
(2, 'Campinas', 'SP'),
(3, 'Santa Bárbara d\'Oeste', 'SP'),
(4, 'Santo André', 'SP'),
(5, 'Valinhos', 'SP'),
(6, 'Vinhedo', 'SP'),
(7, 'Indaiatuba', 'SP'),
(8, 'Itatiba', 'SP'),
(9, 'Jundiaí', 'SP'),
(10, 'Nova Odessa', 'SP'),
(11, 'Paulínia', 'SP'),
(12, 'São João da Boa Vista', 'SP'),
(13, 'Sorocaba', 'SP'),
(14, 'Sumaré', 'SP'),
(15, 'Tatuí', 'SP'),
(16, 'Vinhedo', 'SP');

## COLETOR

INSERT INTO coletor (idcoletor, nome, cnpjCpf, telefone, endereco, cidade_idcidade, dataCadastro) VALUES
(1, 'ACME Indústria de Comércio de Lixo', '59.764.555/0001-52', '11987657294', 'Rua A, 123', 1, '2024-01-15'),
(2, 'Reciclável Soluções Ambientais', '12.345.678/0001-98', '11987654321', 'Rua B, 456', 2, '2024-02-10'),
(3, 'Green Future Coleta e Reciclagem', '34.567.890/0001-23', '11987651234', 'Avenida C, 789', 3, '2024-03-05'),
(4, 'Lixo Limpo Ltda.', '98.765.432/0001-11', '11987652345', 'Praça D, 147', 4, '2024-04-20'),
(5, 'Eco Coleta Ambiental', '87.654.321/0001-99', '11987653456', 'Rua E, 258', 5, '2024-05-25'),
(6, 'ReciclaBrasil', '56.789.012/0001-76', '11987654567', 'Avenida F, 369', 6, '2024-06-30'),
(7, 'Limpando o Futuro', '45.678.901/0001-55', '11987655678', 'Rua G, 852', 7, '2024-07-15'),
(8, 'Indústria Verde Coleta', '23.456.789/0001-44', '11987656789', 'Praça H, 963', 8, '2024-08-10'),
(9, 'Reciclagem Total', '67.890.123/0001-22', '11987657890', 'Rua I, 741', 9, '2024-09-05'),
(10, 'Coleta Ecológica', '78.901.234/0001-33', '11987658901', 'Avenida J, 258', 10, '2024-10-01'),
(11, 'Resíduos Sustentáveis', '89.012.345/0001-11', '11987659012', 'Rua K, 369', 11, '2024-11-20'),
(12, 'Indústria de Reciclagem Ecocycle', '90.123.456/0001-88', '11987660123', 'Praça L, 852', 12, '2024-12-15'),
(13, 'Lixo Verde Coleta', '21.234.567/0001-77', '11987661234', 'Rua M, 963', 13, '2024-01-05'),
(14, 'Reciclar é Viver', '32.345.678/0001-66', '11987662345', 'Avenida N, 147', 14, '2024-02-10'),
(15, 'Indústria de Coleta Ecológica', '43.456.789/0001-55', '11987663456', 'Rua O, 258', 15, '2024-03-25'),
(16, 'Verde e Limpo', '54.567.890/0001-44', '11987664567', 'Praça P, 369', 16, '2024-04-30'),
(17, 'Coleta Consciente', '65.678.901/0001-33', '11987665678', 'Rua Q, 852', 1, '2024-05-15'),
(18, 'Indústria Reciclagem Inteligente', '76.789.012/0001-22', '11987666789', 'Avenida R, 963', 2, '2024-06-05'),
(19, 'Coleta do Bem', '87.890.123/0001-11', '11987667890', 'Rua S, 741', 3, '2024-07-20'),
(20, 'ECO Lixo', '98.901.234/0001-99', '11987668901', 'Praça T, 258', 4, '2024-08-15'),
(21, 'Reciclagem e Sustentabilidade', '10.234.567/0001-88', '11987669012', 'Rua U, 369', 5, '2024-09-10'),
(22, 'Indústria de Coleta Sustentável', '21.345.678/0001-77', '11987670123', 'Avenida V, 852', 6, '2024-10-01'),
(23, 'Verde Coleta', '32.456.789/0001-66', '11987671234', 'Rua W, 963', 7, '2024-11-25'),
(24, 'Recicla Aí', '43.567.890/0001-55', '11987672345', 'Praça X, 147', 8, '2024-12-20'),
(25, 'Coletor Verde', '54.678.901/0001-44', '11987673456', 'Rua Y, 258', 9, '2024-01-10'),
(26, 'Indústria de Reciclagem Vida Verde', '65.789.012/0001-33', '11987674567', 'Avenida Z, 369', 10, '2024-02-05'),
(27, 'Reciclagem do Futuro', '76.890.123/0001-22', '11987675678', 'Rua AA, 852', 11, '2024-03-12'),
(28, 'Lixo e Cidadania', '87.901.234/0001-11', '11987676789', 'Praça AB, 963', 12, '2024-04-08'),
(29, 'Eco Coletor', '98.012.345/0001-99', '11987677890', 'Rua AC, 741', 13, '2024-05-25'),
(30, 'Indústria Reciclagem EcoBrasil', '10.123.456/0001-88', '11987678901', 'Praça AD, 258', 14, '2024-06-15'),
(31, 'Coleta Verde', '21.234.567/0001-11', '11987679012', 'Rua AE, 369', 15, '2024-07-01'),
(32, 'Indústria Ecológica Brasil', '32.345.678/0001-22', '11987680123', 'Avenida AF, 852', 16, '2024-08-01');

## DEPÓSITO

INSERT INTO deposito (iddeposito, nome, endereco, cep, cidade_idcidade, telefone, capacidadeMaxima, dataCadastro, horaAbertura, horaFechamento) VALUES
(1, 'Mercearia São Rafael', 'R. Monsenhor João Ramalho, 777 - Jardim Nova Republica', '13875-249', 12, '1936313528', 5.000, '2024-09-25', '07:00:00', '21:00:00');

## AGENDAMENTO

INSERT INTO `SBOReciclaSV`.`agendamento` (`data`, `hora`, `status`, `coletor_idcoletor`) VALUES
('2024-10-18', '08:30:00', 'Pendente', 1),
('2024-10-19', '14:00:00', 'Concluído', 2),
('2024-10-20', '09:15:00', 'Cancelado', 3),
('2024-10-21', '16:45:00', 'Pendente', 4),
('2024-10-22', '10:30:00', 'Concluído', 5),
('2024-10-23', '11:00:00', 'Pendente', 6),
('2024-10-24', '13:20:00', 'Concluído', 7),
('2024-10-25', '15:00:00', 'Pendente', 8),
('2024-10-26', '12:45:00', 'Cancelado', 9),
('2024-10-27', '07:30:00', 'Concluído', 10);

## ENTRADA

INSERT INTO entrada (identrada, usuario_idusuario, deposito_iddeposito, material_idmaterial, dataEntrada, quantidade) VALUES
(1, 1, 1, 1, '2024-09-01', 80.00),
(2, 2, 1, 2, '2024-09-02', 42.00),
(3, 3, 1, 3, '2024-09-03', 25.00),
(4, 4, 1, 4, '2024-09-04', 56.00),
(5, 5, 1, 5, '2024-09-05', 91.00),
(6, 6, 1, 6, '2024-09-06', 63.00),
(7, 7, 1, 7, '2024-09-07', 14.00),
(8, 8, 1, 8, '2024-09-08', 33.00),
(9, 9, 1, 9, '2024-09-09', 80.00),
(10, 10, 1, 10, '2024-09-10', 59.00),
(11, 11, 1, 1, '2024-09-11', 12.00),
(12, 12, 1, 2, '2024-09-12', 40.00),
(13, 13, 1, 3, '2024-09-13', 98.00),
(14, 14, 1, 4, '2024-09-14', 75.00),
(15, 15, 1, 5, '2024-09-15', 22.00),
(16, 16, 1, 6, '2024-09-16', 63.00),
(17, 17, 1, 7, '2024-09-17', 34.00),
(18, 18, 1, 8, '2024-09-18', 78.00),
(19, 19, 1, 9, '2024-09-19', 59.00),
(20, 20, 1, 10, '2024-09-20', 45.00),
(21, 21, 1, 1, '2024-09-21', 18.00),
(22, 22, 1, 2, '2024-09-22', 60.00),
(23, 23, 1, 3, '2024-09-23', 50.00),
(24, 24, 1, 4, '2024-09-24', 85.00),
(25, 25, 1, 5, '2024-09-25', 91.00),
(26, 26, 1, 6, '2024-09-26', 99.00),
(27, 27, 1, 7, '2024-09-27', 66.00),
(28, 28, 1, 8, '2024-09-28', 80.00),
(29, 29, 1, 9, '2024-09-29', 43.00),
(30, 30, 1, 10, '2024-09-30', 59.00),
(31, 31, 1, 1, '2024-10-01', 32.00),
(32, 32, 1, 2, '2024-10-02', 53.00),
(33, 33, 1, 3, '2024-10-03', 29.00),
(34, 34, 1, 4, '2024-10-04', 61.00),
(35, 35, 1, 5, '2024-10-05', 15.00),
(36, 36, 1, 6, '2024-10-06', 70.00),
(37, 37, 1, 7, '2024-10-07', 49.00),
(38, 38, 1, 8, '2024-10-08', 28.00),
(39, 39, 1, 9, '2024-10-09', 94.00),
(40, 40, 1, 10, '2024-10-10', 63.00),
(41, 41, 1, 1, '2024-10-11', 38.00),
(42, 42, 1, 2, '2024-10-12', 72.00),
(43, 43, 1, 3, '2024-10-13', 50.00),
(44, 44, 1, 4, '2024-10-14', 17.00),
(45, 45, 1, 5, '2024-10-15', 88.00),
(46, 46, 1, 6, '2024-10-16', 77.00),
(47, 47, 1, 7, '2024-10-17', 25.00),
(48, 48, 1, 8, '2024-10-18', 61.00),
(49, 49, 1, 9, '2024-10-19', 82.00),
(50, 50, 1, 10, '2024-10-20', 34.00),
(51, 51, 1, 1, '2024-10-21', 50.00),
(52, 52, 1, 2, '2024-10-22', 73.00),
(53, 53, 1, 3, '2024-10-23', 61.00),
(54, 54, 1, 4, '2024-10-24', 44.00),
(55, 55, 1, 5, '2024-10-25', 95.00),
(56, 56, 1, 6, '2024-10-26', 65.00),
(57, 57, 1, 7, '2024-10-27', 58.00),
(58, 58, 1, 8, '2024-10-28', 89.00),
(59, 59, 1, 9, '2024-10-29', 37.00),
(60, 60, 1, 10, '2024-10-30', 77.00),
(61, 61, 1, 1, '2024-10-31', 49.00),
(62, 62, 1, 2, '2024-11-01', 92.00),
(63, 63, 1, 3, '2024-11-02', 40.00),
(64, 64, 1, 4, '2024-11-03', 71.00),
(65, 65, 1, 5, '2024-11-04', 55.00),
(66, 66, 1, 6, '2024-11-05', 63.00),
(67, 67, 1, 7, '2024-11-06', 41.00),
(68, 68, 1, 8, '2024-11-07', 66.00),
(69, 69, 1, 9, '2024-11-08', 91.00),
(70, 70, 1, 10, '2024-11-09', 73.00),
(71, 71, 1, 1, '2024-11-10', 36.00),
(72, 72, 1, 2, '2024-11-11', 87.00),
(73, 73, 1, 3, '2024-11-12', 61.00),
(74, 74, 1, 4, '2024-11-13', 50.00),
(75, 75, 1, 5, '2024-11-14', 58.00),
(76, 76, 1, 6, '2024-11-15', 80.00),
(77, 77, 1, 7, '2024-11-16', 60.00),
(78, 78, 1, 8, '2024-11-17', 47.00),
(79, 79, 1, 9, '2024-11-18', 63.00),
(80, 80, 1, 10, '2024-11-19', 50.00),
(81, 81, 1, 1, '2024-11-20', 22.00),
(82, 82, 1, 2, '2024-11-21', 74.00),
(83, 83, 1, 3, '2024-11-22', 46.00),
(84, 84, 1, 4, '2024-11-23', 91.00),
(85, 85, 1, 5, '2024-11-24', 28.00),
(86, 86, 1, 6, '2024-11-25', 72.00),
(87, 87, 1, 7, '2024-11-26', 65.00),
(88, 88, 1, 8, '2024-11-27', 39.00),
(89, 89, 1, 9, '2024-11-28', 58.00),
(90, 90, 1, 10, '2024-11-29', 82.00),
(91, 91, 1, 1, '2024-11-30', 61.00),
(92, 92, 1, 2, '2024-12-01', 34.00),
(93, 93, 1, 3, '2024-12-02', 70.00),
(94, 94, 1, 4, '2024-12-03', 58.00),
(95, 95, 1, 5, '2024-12-04', 44.00),
(96, 96, 1, 6, '2024-12-05', 83.00),
(97, 97, 1, 7, '2024-12-06', 68.00),
(98, 98, 1, 8, '2024-12-07', 27.00),
(99, 99, 1, 9, '2024-12-08', 75.00),
(100, 100, 1, 10, '2024-12-09', 91.00);

## SAIDA

INSERT INTO `SBOReciclaSV`.`saida` (deposito_iddeposito, coletor_idcoletor, material_idmaterial, dataSaida, quantidade) VALUES
(1, 1, 1, '2024-10-01', 48.50),
(1, 2, 2, '2024-10-02', 52.75),
(1, 3, 3, '2024-10-03', 47.80),
(1, 4, 4, '2024-10-04', 63.20),
(1, 5, 5, '2024-10-05', 59.80),
(1, 6, 6, '2024-10-06', 68.40),
(1, 7, 7, '2024-10-07', 49.50),
(1, 8, 8, '2024-10-08', 58.60),
(1, 9, 1, '2024-10-09', 47.10),
(1, 10, 2, '2024-10-10', 56.30),
(1, 11, 3, '2024-10-11', 52.60),
(1, 12, 4, '2024-10-12', 61.40),
(1, 13, 5, '2024-10-13', 72.20),
(1, 14, 6, '2024-10-14', 61.00),
(1, 15, 7, '2024-10-15', 55.90),
(1, 16, 8, '2024-10-16', 51.30),
(1, 17, 1, '2024-10-17', 58.90),
(1, 18, 2, '2024-10-18', 62.00),
(1, 19, 3, '2024-10-19', 48.80),
(1, 20, 4, '2024-10-20', 61.30),
(1, 21, 5, '2024-10-21', 57.60),
(1, 22, 6, '2024-10-22', 69.90),
(1, 23, 7, '2024-10-23', 63.10),
(1, 24, 8, '2024-10-24', 61.00),
(1, 25, 1, '2024-10-25', 49.60),
(1, 26, 2, '2024-10-26', 53.40),
(1, 27, 3, '2024-10-27', 46.20),
(1, 28, 4, '2024-10-28', 60.30),
(1, 29, 5, '2024-10-29', 68.90),
(1, 30, 6, '2024-10-30', 51.00),
(1, 31, 7, '2024-10-31', 60.80),
(1, 32, 8, '2024-11-01', 48.70),
(1, 1, 1, '2024-11-02', 51.10),
(1, 2, 2, '2024-11-03', 59.90),
(1, 3, 3, '2024-11-04', 63.50),
(1, 4, 4, '2024-11-05', 45.30),
(1, 5, 5, '2024-11-06', 49.20),
(1, 6, 6, '2024-11-07', 68.30),
(1, 7, 7, '2024-11-08', 61.80),
(1, 8, 8, '2024-11-09', 47.90),
(1, 9, 1, '2024-11-10', 52.50),
(1, 10, 2, '2024-11-11', 64.00),
(1, 11, 3, '2024-11-12', 51.20),
(1, 12, 4, '2024-11-13', 56.30),
(1, 13, 5, '2024-11-14', 54.10),
(1, 14, 6, '2024-11-15', 62.70),
(1, 15, 7, '2024-11-16', 51.60),
(1, 16, 8, '2024-11-17', 48.20),
(1, 17, 1, '2024-11-18', 60.00),
(1, 18, 2, '2024-11-19', 50.40),
(1, 19, 3, '2024-11-20', 53.00),
(1, 20, 4, '2024-11-21', 49.80),
(1, 21, 5, '2024-11-22', 55.50),
(1, 22, 6, '2024-11-23', 61.40),
(1, 23, 7, '2024-11-24', 59.60),
(1, 24, 8, '2024-11-25', 47.50),
(1, 25, 1, '2024-11-26', 53.80),
(1, 26, 2, '2024-11-27', 48.40),
(1, 27, 3, '2024-11-28', 60.50),
(1, 28, 4, '2024-11-29', 55.00),
(1, 29, 5, '2024-11-30', 51.10),
(1, 30, 6, '2024-12-01', 58.80),
(1, 31, 7, '2024-12-02', 52.90),
(1, 32, 8, '2024-12-03', 64.10),
(1, 1, 1, '2024-12-04', 56.20),
(1, 2, 2, '2024-12-05', 60.60),
(1, 3, 3, '2024-12-06', 48.90),
(1, 4, 4, '2024-12-07', 50.30),
(1, 5, 5, '2024-12-08', 60.10),
(1, 6, 6, '2024-12-09', 59.00),
(1, 7, 7, '2024-12-10', 47.80),
(1, 8, 8, '2024-12-11', 62.40),
(1, 9, 1, '2024-12-12', 63.50),
(1, 10, 2, '2024-12-13', 48.60),
(1, 11, 3, '2024-12-14', 61.30),
(1, 12, 4, '2024-12-15', 50.50),
(1, 13, 5, '2024-12-16', 59.90),
(1, 14, 6, '2024-12-17', 58.10),
(1, 15, 7, '2024-12-18', 60.70),
(1, 16, 8, '2024-12-19', 53.30),
(1, 17, 1, '2024-12-20', 49.20),
(1, 18, 2, '2024-12-21', 51.00),
(1, 19, 3, '2024-12-22', 63.40),
(1, 20, 4, '2024-12-23', 52.20),
(1, 21, 5, '2024-12-24', 58.70),
(1, 22, 6, '2024-12-25', 56.00),
(1, 23, 7, '2024-12-26', 52.40),
(1, 24, 8, '2024-12-27', 50.10),
(1, 25, 1, '2024-12-28', 61.70),
(1, 26, 2, '2024-12-29', 60.00),
(1, 27, 3, '2024-12-30', 53.60),
(1, 28, 4, '2024-12-31', 63.80);
